Korean,English,Syn
가야대학교,Kaya University,"加耶大學校, 가야대학, 가야대, Kaya University, 加耶大學, 加耶大"
가천대학교,Gachon University,"가천대학, Gachon University, 嘉泉大, 가천대, 嘉泉大學校, 嘉泉大學"
가톨릭관동대학교,Catholic Kwandong University,"가톨릭關東大學校, 관동대학교, Catholic Kwandong University, 가톨릭關東大學, Kwandong University, 관동대학, 가톨릭관동대학, 關東大學, 關東大學校, 가톨릭관동대, 관동대, 關東大, 가톨릭關東大"
가톨릭대학교,The Catholic University of Korea,"가톨릭대학, 가톨릭大學, Catholic University of Korea, 가톨릭대, The Catholic University of Korea, 가톨릭大學校, 가톨릭大, 카톨릭대학교, 카톨릭대, 카톨릭대학"
가톨릭상지대학교,Catholic Sangji College,"CATHOLIC SANGJI COLLEGE, 加圖立上智大學, 가톨릭상지대학, 加圖立上智大學校, 加圖立上智大, 가톨릭상지대"
감리교신학대학교,Methodist Theological University,"감리교신학대학, 監理敎神學大學, 감리교신학대, Methodist Theological University, 監理敎神學大學校, 監理敎神學大"
강남대학교,Kangnam University,"KANGNAM University, 강남대, 江南大學校, 강남대학, 장난대학교, Jiangnan University, 江南大學, 江南大"
강동대학교,Gangdong University,"江東大學校, 江東大, KangDong university, 江東大學, GANGDONG COLLEGE, 강동대학, 강동대"
강릉영동대학교,Gangneung Yeongdong University,"GANGNEUNG YEONGDONG COLLEGE, 江陵嶺東大學, 江陵嶺東大學校, 강릉영동대, Gang Neung Yeong Dong College, 강릉영동대학, 江陵嶺東大, 영동대학교"
강릉원주대학교,Gangneung-Wonju National University,"原州大學, 강릉원주대, 원주대, 강릉원주대학, 원주대학, 原州大, Wonju College, 江陵原州大, 江陵原州大學, Gangneung-Wonju National University, 江陵原州大學校, Wonju National College, 국립강릉원주대학교"
강원관광대학교,Kangwon Tourism College,"Kangwon Tourism College, 江原觀光大學校, 강원관광대, 江原觀光大學, 강원관광대학, 江原觀光大"
강원대학교,Kangwon National Universtiy,"江原大學, 국립강원대, 강원대, 국립강원대학, Kangwon National University, 江原大, 江原大學校, 강원대학, 국립강원대학교"
강원도립대학교,Gangwon State University,"江原道立大學校, Gangwon Provincial College, 江原道立大, 강원도립대학, Gangwon State University, 강원도립대, 江原道立大學"
개신대학원대학교,Reformed Graduate University,"Reformed Graduate University, 改神大學院大, 改神大學院大學, 改神大學院大學校, Reformed Theological Seminary, 개신대학원대학, 개신대학원대"
거제대학교,Koje College,"巨濟大學, 巨濟大, 거제대학, KOJE COLLEGE, 거제대"
건국대학교,Konkuk Universtiy,"建國大學校, 建國大學, 건국대, 건국대학, KONKUK UNIVERSITY, 建國大, 건국대학교(글로컬)"
건신대학원대학교,Asia Life University,"建信大學院大, 建信大學院大學, 建信大學院大學校, 건신대학원대, Asia LIFE University, 건신대학원대학"
건양대학교,Konyang Universtiy,"建陽大, 건양대, 建陽大學, 건양대학, KONYANG UNIVERSITY, 建陽大學校"
건양사이버대학교,Konyang Cyber University,"Konyang Cyber University, 建陽사이버大, 건양사이버대, 建陽사이버大學校, 건양사이버대학, 建陽사이버大學"
경기과학기술대학교,Gyeonggi College of Science and Technology,"Gyeonggi College of Science and Technology, 京畿科學技術大學校, 京畿科學技術大學, 京畿科學技術大, 경기과학기술대학, 경기과학기술대"
경기대학교,Kyonggi Universtiy,"경기대, 京畿大學, Kyonggi University, 京畿大學校, Kyonggi College, 경기대학, 京畿大"
경남과학기술대학교,Gyeongnam National University of Cseince and Technology,"경남과학기술대학, Gyeongnam National University of science and Technology, 慶南科學技術大學校, 慶南科學技術大, 慶南科學技術大學, 경남과학기술대"
경남대학교,Kyungnam Universtiy,"慶南大, 경남대, Kyungnam university, 慶南大學, 경남대학, 慶南大學校"
경남도립거창대학,University of Gyeongnam Geochang,"慶南道立居昌大學, 경남도립거창대, 慶南道立居昌大, GyeongNam Provincial Geochang College"
경남도립남해대학,University of Gyeongnam Namhae,"慶南道立南海大學, 경남도립남해대, 慶南道立南海大, Gyeongnam Provincial Namhae College, 경남도립남해대학교"
경남정보대학교,Kyungnam College of Information & Technology,"경남정보대, 慶南情報大學校, Kyungnam College of Information and Technology, 경남정보대학, Kyungnam College of Information & Technology, 慶南情報大學, 慶南情報大"
경동대학교,Kyungdong Universtiy,"경동대, 京東大學, Kyungdong University, 경동대학, 京東大學校, 京東大"
경민대학교,Kyungmin University,"경민대학, 경민대, 慶旼大學校, Kyungmin University, KYUNGMIN COLLEGE, 慶旼大, 慶旼大學"
경복대학교,Kyungbok University,"京福大學, KYUNGBOK UNIVERSITY, 경복대학, 京福大學校, 京福大, 경복대, Kyungbok College"
경북과학대학교,Kyongbuk Science College,"경북과학대, Kyongbuk College of Science, 慶北科學大, KYONGBUK SCIENCE COLLEGE, 慶北科學大學校, 慶北科學大學, 경북과학대학"
경북대학교,Kyungpook National Universtiy,"Kyungpook National University, 경북대학, 경북대, 慶北大學校, 慶北大, 慶北大學, 칠곡경북대학교"
경북도립대학교,Gyeongbuk Provincial College,"GYEONGBUK PROVINCIAL COLLEGE, 慶北道立大學, 慶北道立大, 경북도립대, 경북도립대학, 慶北道立大學校"
경북보건대학교,Gyeongbuk College of Health,"慶北保健大學校, 慶北保健大學, GYEONGBUK COLLEGE OF HEALTH, 경북보건대학, 경북보건대, 慶北保健大"
경북전문대학교,Kyungbuk College,"경북전문대학, 경북전문대, 慶北專門大, 慶北專門大學, 慶北專門大學校, Kyungbuk College"
경상국립대학교,Gyeongsang National Universtiy,
경상대학교,Gyeongsang National Universtiy,"GYEONGSANG NATIONAL UNIVERSITY, 慶尙大學, 경상대, 慶尙大學校, 국립경상대학교, 慶尙大, 경상대학"
경성대학교,Kyungsung Universtiy,"Kyungsung University, 慶星大學校, 경성대, 慶星大, 경성대학, 慶星大學"
경안신학대학원대학교,Gyeongan Graduate University,"GyeongAn Theological Graduate University, 慶安神學大學院大學校, 慶安神學大學院大, 경안신학대학원대, GyeongAn Theological University, 경안신학대학원대학, 慶安神學大學院大學"
경운대학교,Kyungwoon Universtiy,"raduate School of Industrlal Information, 경운대학, 경운대학(산업대), 경운대(산업대), 慶雲大學校, 慶雲大, 경운대, 慶雲大學, Kyungwoon University"
경원전문대학,Kyungwon University,
경인교육대학교,Gyeongin National Universtiy of Education,"京仁敎育大學校, 경인교육대, 경인교육대학, 京仁敎育大學, GYEONGIN NATIONAL UNIVERSITY OF EDUCATION, 京仁敎育大"
경인여자대학교,Kyung-in Women's University,"경인여자대, KYUNG-IN WOMEN'S UNIVERSITY, 敬仁女子大學, 경인여자대학, 敬仁女子大, 敬仁女子大學校"
경일대학교,Kyungil Universtiy,"KYUNGIL UNIVERSITY, 慶一大學, 경일대, 慶一大學校, 慶一大, 경일대학"
경주대학교,Gyeongju Universtiy,"慶州大, 경주대학, 경주대, Gyeongju University, 慶州大學校, 慶州大學"
경희대학교,Kyunghee Universtiy,"kyung hee university, KyungHee University, 경희대학, 경희대, 大學院"
경희사이버대학교,Kyung Hee Cyber University,"KyungHee Cyber University, 경희사이버대학, 경희사이버대, 慶熙사이버大學, 慶熙사이버大學校, 慶熙사이버大"
계명대학교,Keimyung University,"Keimyung University, 啓明大學, 계명대 병설전문학교, 계명대학, 啓明大, 계명대, 啓明大學校"
계명문화대학교,Keimyung College University,"계명문화대학, KEIMYUNG COLLEGE UNIVERSITY, 계명문화대, 啓明文化大, 啓明文化大學校, 啓明文化大學, Keimyung College"
계약신학대학원대학교,Kyeyak Graduate School of Theology,"契約神學大學院大學校, 契約神學大學院大學, 계약신학대학원대, 계약신학대학원대학, KYEYAK GRADUATE SCHOOL OF THEOLOGY, 契約神學大學院大"
계원예술대학교,kaywon school of art & design,"KAYWON UNIVERSITY OF ART & DESIGN, 桂園藝術大學校, 桂園藝術大學, 계원예술대학, 桂園藝術大, 계원예술대, Kaywon University of Art and Design"
고구려대학교,Koguryeo College,"高句麗大, KOGURYEO COLLEGE, 高句麗大學校, 高句麗大學, 고구려대학, 고구려대"
고려대학교,Korea University,"高麗大學校, 고려대, 고려대학, Korea University, 高麗大學, 高麗大, 고려대학교(세종)"
고려사이버대학교,Cyber University of Korea,"고려사이버대학, THE CYBER UNIVERSITY OF KOREA, 고려사이버대"
고신대학교,Kosin University,"高神大學校, 고신대, 高神大學, KOSIN UNIVERSITY, 고신대학, 高神大"
공군사관학교,Republic of Korea Air Force Academy,"Republic of Korea Air Force Academy, 空軍士官學校, Air Force Academy"
공주교육대학교,Gongju National University of Education,"공주교육대학, 公州敎育大學, 공주교육대, 公州敎育大學校, 公州敎育大, GONGJU NATIONAL UNIVERSITY OF EDUCATION"
공주대학교,Kongju National University,"公州大學, 공주대, Kongju National University, 국립공주대학, 국립공주대학교, 公州大學校, 국립공주대, 公州大, 공주대학"
과학기술연합대학원대학교,University of Science and Technology,"科學技術聯合大學院大學校, 과학기술연합대학원대학, University of Science and Technology, 科學技術聯合大學院大學, 科學技術聯合大學院大, 과학기술연합대학원대, 과학기술연합대학원, 과학기술연합대학원대학교(UST)"
광신대학교,Kwangshin Universiy,"光神大學校, 光神大, 광신대, 광신대학, KWANGSHIN UNIVERSITY, 光神大學"
광양보건대학교,Gwangyang Health Sciences University,"光陽保健大學校, 光陽保健大學, GwangYang Health College, 광양보건대학, 光陽保健大, GwangYang Health Sciences University, 광양보건대"
광운대학교,Kwangwon Universiy,"光云大學, 光云大, Kwangwoon University, 광운대학, 광운대, Kwangwoon College, 光云大學校"
광주가톨릭대학교,Gwangju Catholic Universtiy,"광주가톨릭대학, Gwangju Catholic University, 光州가톨릭大學校, 光州가톨릭大, 광주가톨릭대, 光州가톨릭大學"
광주과학기술원,Gwangju Institute of Science and Technology,"光州科學技術阮, Gwangju Institute of Science and Technology, GIST, 광주과학기술원(GIST)"
광주교육대학교,Gwangju National Universiy of Education,"光州敎育大, 光州敎育大學校, 光州敎育大學, 광주교육대학, 광주교육대, Gwangju National University of Education"
광주대학교,Gwangju Universiy,"光州大學, 광주대, 光州大, 광주대(산업대), 광주대학(산업대), 광주대학, Gwangju University, 光州大學校"
광주보건대학교,Gwangju Health University,"光州保健專門大學, 光州保建大, 광주보건대, 광주보건전문대, Kwangju health college, Gwangju Health University, 光州保建大學校, 光州保健專門大, 광주보건전문대학, 광주보건대학, 光州保建大學"
광주여자대학교,Kwangju Women's Universiy,"광주여자전문대학, 광주여자대학, Kwangju Women's University, 光州女子大學, 光州女子大學校, 光州女子大, 광주여자대, 광주여자전문대"
구미대학교,Gumi University,"龜尾大, Gumi University, 龜尾大學, 구미대학, 龜尾大學校, 구미대, kumicollege"
구세군사관대학원대학교,The Salvation Army Graduate University For Officer Training,"救世軍士官學校, The Salvation Army Graduate University For Officer Training, 구세군사관대학원대, TheSalvationArmyGraduateUniversityForOfficerTraining, 구세군사관대학원대학"
국립암센터국제암대학원대학교,National Cancer Center Graduate School of Cancer Science and Policy,
국민대학교,Kookmin Universiy,"國民大學校, 國民大, KookminUniversity, 국민대학, 국민대, 國民大學, Kookmin University"
국제뇌교육종합대학원대학교,University of Brain Education,"國際腦敎育綜合大學院大敎, university of brain educational, 國際腦敎育綜合大學院大學敎, 국제뇌교육종합대학원대, University of Brain Education, 국제뇌교육종합대학원대학"
국제대학교,Kookje University,"국제대, 國際大學校, 國際大學, KOOKJE COLLEGE, 國際大, KOOKJE UNIVERSITY, 국제대학"
국제문화대학원대학교,Korea International Culture University of Graduate,"國際文化大學院大學, 國際文化大學院大, 국제문화대학원대, 國際文化大學院大學校, 국제문화대학원대학, Korea International Culture University of Graduate"
국제법률경영대학원대학교,Transnational Law and Business University Graduate School of Law,"國際法律經營大學院大學, 國際法律經營大學院大, Transnational Law and Business University Graduate School of Law, TLBU Graduate School of Law, 국제법률경영대학원대, 국제법률경영대학원대학, 國際法律經營大學院大學校"
국제사이버대학교,GukJe Cyber University,"Gukje Cyber University, 국제사이버대, 國際Cyber大, 國際Cyber大學, 국제사이버대학, 國際Cyber大學校"
국제신학대학원대학교,Kukje Theological University and Seminary,"國際神學大學院大學校, 國際神學大學院大學, 국제신학대학원대학, KUKJE THEOLOGICAL UNIVERSITY AND SEMINARY, 國際神學大學院大, 국제신학대학원대"
국제영어대학원대학교,International Graduate School of English,"국제영어대학원대, 국제영어대학원대학, International Graduate School of English"
군산간호대학교,Kunsan College of Nursing,"群山看護大學, 군산간호대, 群山看護大學校, 群山看護大, KUNSAN COLLEGE OF NURSING, 군산간호대학"
군산대학교,Kunsan National University,"군산대학, KUNSAN NATIONAL UNIVERSITY, 군산대, 群山大學, 群山大, 群山大學校, 국립군산대학교"
군장대학교,KunJang University college,"KUNJANG UNIVERSITY COLLEGE, 群長大學校, 군장대, 群長大學, Kunjang College, 군장대학, 群長大"
극동대학교,Far East University,"FAR EAST UNIVERSITY, 극동대, Far East University of Science and Technology, 極東大學, 極東大, 극동대학, 極東大學校"
글로벌사이버대학교,Global Cyber University,"GLOBAL CYBER UNIVERSITY, GLOBAL CYBER 大學校, 글로벌사이버대학, 글로벌사이버대, GLOBAL CYBER 大, GLOBAL CYBER 大學"
금강대학교,Geumgang University,"金剛大學校, GEUMGANG UNIVERSITY, 金剛大學, 금강대, 금강대학, 金剛大"
금오공과대학교,Kumoh National Institute of Technology,"금오공과대, 국립금오공과대학교, 金烏工科大學, 金烏工科大學校, Kumoh National Institute of Technology, 금오공과대학, 金烏工科大, 금오공대, 금오공대학교, 금오공대학"
기독간호대학교,Christian College of Nursing,"基督看護大學校, 기독간호대학, 基督看護大學, 基督看護大, 기독간호대, Christian College of Nursing"
김천대학교,Gimcheon University,"金泉大學校, 김천대학, GIMCHEON COLLEGE, GIMCHEON UNIVERSITY, 金泉大, 金泉大學, 김천대"
김포대학교,Kimpo University,"金浦大, 김포대학, 김포대, KIMPO UNIVERSITY, 金浦大學校, 金浦大學"
김해대학교,Gimhae College,"Gimhae College, 金海大學校, 김해대학, 金海大, 金海大學, 김해대"
꽃동네대학교,Catholic Kkottongnae University,"꽃동네대학, 꽃동네大學, Kkottongnae University, 꽃동네大, 꽃동네대, 꽃동네大學校"
나사렛대학교,Korea Nazarene University,"나사렛大學, Korea Nazarene University, 나사렛大, 나사렛대학, 나사렛대, 나사렛大學校"
남부대학교,Nambu University,"남부대, 南部大, NAMBU UNIVERSITY, 南部大學, 남부대학, 南部大學校"
남서울대학교,Namseoul University,"남서울산업대학, 남서울산업대학교, 南서울大, 남서울대학, Namseoul University, 남서울산업대, 南서울大學, 南서울大學校, 남서울대"
농협대학교,Agricultural Cooperative University,"AgriculturalCooperativeCollege, 農協大學, Agricultural Cooperative University, 農協大學校, 농협대학, 農協大, 농협대"
능인대학원대학교,Nungin University,"한국정보과학회 언어공학연구회, 국가인권위원회, 한국폴리텍 II 대학, 한국시각장애인복지재단 점자도서관, 건양사이버대학교"
단국대학교,Dankook University,"檀國大, 단국대학, 檀國大學校, 檀國大學, DANKOOK UNIVERSITY, 단국대"
대경대학교,Daekyeung University,"대경대학, 大慶大學, Daekyeung University, Daekyeung College, 대경대, 大慶大, 大慶大學校"
대구가톨릭대학교,Catholic Universtiy of Daegu,"大邱가톨릭大學, 大邱가톨릭大學校, 대구카톨릭대학교, 대구가톨릭대, 大邱가톨릭大, 대구가톨릭대학, CATHOLIC UNIVERSITY OF DAEGU"
대구경북과학기술원,Daegu Gyeongbuk Inst. of Science & Technology,"재단법인대구경북과학기술원, 大邱慶北科學技術院, DGIST, DAEGU GYEONGBUK INSTITUTE OF SCIENCE AND TECHNOLOGY, Daegu Gyeongbuk Institute of Science & Technology, DAEGU GYEONGBUK INSTITUTE OF SCIENCE & TECHNOLOGY, DGIST, 대구경북과학기술원(DGIST)"
대구공업대학교,Daegu Technical University,"대구공업전문대, 대구공업전문대학, 大邱工業大學, 대구공업대, 대구공업대학, 大邱工業大, Daegu Technical University, 大邱工業大學校, Daegu Technical College"
대구과학대학교,Taegu Science University,"大邱科學大學校, 大邱科學大學, 대구과학대, 大邱科學大, 대구과학대학, Taegu Science University"
대구교육대학교,Daegu National University of Education,"DAEGU NATIONAL UNIVERSITY OF EDUCATION, 대구교육대학, 대구교육대, 大邱敎育大學校, 大邱敎育大, 大邱敎育大學"
대구대학교,Daegu University,"대구대학, 大邱大, 大邱大學校, 대구대, Daegu University, 大邱大學"
대구미래대학교,Daegu Mirae College,"대구미래대학, 大邱未來大學, DAEGU FUTURE COLLEGE, 大邱未來大, 대구미래대, 大邱未來大學校"
대구보건대학교,Daegu Health College,"대구보건대학, Daegu Health College, 大邱保健大學校, 대구보건대, Taegu Health College, 대구보건전문대학, 大邱保健大學, 大邱保健大, 대구보건전문대"
대구사이버대학교,Daegu Cyber University,"대구사이버대학, Daegu Cyber University, 대구사이버대"
대구예술대학교,Daegu Arts University,"大邱藝術大學校, 대구예술대학, DAEGU ARTS UNIVERSITY, 大邱藝術大, 大邱藝術大學, 대구예술대"
대구외국어대학교,Daegu University of Foreign Studies,"Daegu University of Foreign Studies, 大邱外國語大學, 大邱外國語大, 대구외국어대학, 大邱外國語大學校, 대구외국어대"
대구한의대학교,Daegu Haany University,"대구한의과대, 大邱韓醫大, 大邱韓醫大學校, 대구한의대, Daegu Haany University, 대구한의과대학, 大邱韓醫大學, 대구한의대학"
대덕대학교,Daeduk College,"大德大學校, 대덕대학, DAEDUK COLLEGE, 대덕대, 大德大, 大德大學"
대동대학교,Daedong College,"DAEDONG COLLEGE, 대동대학, 大同大學校, 大同大, Dae Dong College, 대동대, 大同大學"
대림대학교,Daelin College,"대림대, 대림대학, DAELIM UNIVERSITY COLLEGE, 大林大學校, 大林大, Daelim College, 大林大學"
대신대학교,Daeshin University,"大神大, Daeshin University, 大神大學, 대신대, 대신대학, 大神大學校"
대원대학교,Daewon University,"大元大, DAEWON UNIVERSITY COLLEGE, 대원대학, 대원과학대, 대원과학대학, 대원대, 대원공과대학, 대원공과대, 大元大學校, 大元大學"
대전가톨릭대학교,Catholic Universtiy of Daejeon,"대전가톨릭대, 大田가톨릭大學, DAEJEON CATHOLIC UNIVERSITY, 대전가톨릭대학, Daejeon Catholic University, 대전카톨릭대학교, 大田가톨릭大, 대전카톨릭대학, 大田가톨릭大學校"
대전과학기술대학교,Daejeon Institute of Science and Technology,"대전과학기술대, 大田科學技術大學, 大田科學技術大, 대전과학기술대학, DAEJEON INSTITUTE OF SCIENCE AND TECHNOLOGY, 大田科學技術大學校"
대전대학교,Daejeon University,"대전대학, Daejeon University, 大田大學校, 大田大學, 大田大, 대전대, DAEJEON UNIVERSITY"
대전보건대학교,Daejeon Health Institute of Technology,"Daejeon Health Sciences College, 大田保健大, Daejeon Health Institute of Technology, 대전보건대학, 대전보건대, 大田保健大學校, 大田保健大學"
대전신학대학교,Daejeon Theological University,"대전신학대학, DAEJEON THEOLOGICAL UNIVERSITY, 대전신학대, 大田神學大學敎, 大田神學大敎"
대진대학교,Daejin University,"大眞大學校, DAEJIN UNIVERSITY, 대진대학, 대진대, 大眞大學, 大眞大"
대한신학대학원대학교,Daehan Theological Seminary & University,"大韓神學大學院大學校, 대한신학대학원대, 대한신학대학원대학, 大韓神學大學院大, 大韓神學大學院大學, DAEHAN THEOLOGICAL UNIVERSITY"
덕성여자대학교,Duksung Women's University,"德成女子大學, 덕성여자대학, 德成女子大, DUKSUNG WOMEN'S UNIVERSITY, 德成女子大學校, 덕성여자대"
도쿄 메트로폴리탄 대학,Tokyo MetroPolitan Univ.,
동강대학교,Donggang University,"동강대학, 동강대, 東岡大學, Dongkang college, 東岡大學校, 東岡大"
동국대학교,Dongguk University,"Dongguk University, 東國大學校, 東國大學, 동국대, 東國大, 동국대학, 동국대학교(경주)"
동남보건대학교,Dongnam Health University,"동남보건대, 동남보건대학, Dongnam Health College, 東南保健大學校, 東南保健大, DONGNAM HEALTH UNIVERSITY, 東南保健大學"
동덕여자대학교,Dongduk Women's University,"동덕여자대, Dongduk Women's University, 동덕여자대학, 同德女子大, 同德女子大學校, 同德女子大學, 동덕여자"
동명대학교,Tongmyong University,"東明大學, TongMyong University, Tongmyong College, 東明大, 동명대학, 東明大學校, 동명대"
동방문화대학원대학교,Dongbang Culture University,"DongBang Culture University, 동방문화대학원대학, DongBang Culture Graduate university, 東方文化大學院大學校, 東方文化大學院大, 東方文化大學院大學, 동방문화대학원대, 동방문화대학원"
동부산대학교,Dong-Pusan College,"東釜山大學, DONG-PUSAN COLLEGE, 동부산대, 東釜山大學校, 동부산대학, 東釜山大"
동서대학교,Dongseo University,"DONGSEO UNIVERSITY, 동서대학, 東西大學校, 동서대, 東西大學, 東西大"
동서울대학교,Dong Seoul College,"DONG SEOUL UNIVERSITY, 東서울大學校, 동서울대, 東서울大學, 동서울대학, Dongseoul College, 東서울大"
동신대학교,Dongshin University,"DONG SHIN UNIVERSITY, 동신대학, 東新大學校, Dongshin University, 東新大, 동신대, 東新大學"
동아대학교,Donga University,"東亞大學校, Dong-A University, 東亞大學, 동아대학, 동아대, 東亞大"
동아방송예술대학교,Dong-Ah Institute of Media and Arts,"동아방송예술대, Dong-Ah Institute of Media and Arts, 동아방송예술대학, 東亞放送藝術大, 東亞放送藝術大學, Dong-Ah Broadcasting College, 東亞放送藝術大學校"
동아보건대학교,Donga College of Health,"동아보건대학, Donga College of Health, 東亞保健大學校, 동아보건대, 東亞保健大學, 東亞保健大"
동양대학교,Dongyang University,"DONGYANG UNIVERSITY, 동양대, 東洋大學, 동양대학, 東洋大, 東洋大學校"
동양미래대학교,Dongyang Mirae University,"東洋未來大學校, 동양미래대, 동양미래대학, Dong Yang Mirae University, Dongyang Mirae University, 東洋未來大學, 東洋未來大"
동우대학교,Dongu College,
동원과학기술대학교,Dongwon Institute of Science And Technology,"동원과학기술대, 東園科學技術大學, 東園科學技術大, 東園科學技術大學校, 동원과학기술대학, DONGWON INSTITUTE OF SCIENCE AND TECHNOLOGY"
동원대학교,Tongwon University,"동원대, 東元大學校, 동원대학, TONGWON COLLEGE, 東元大, 東元大學"
동의과학대학교,Dong Eui Institute of Technology,"동의과학대, 東義科學大學校, 東義科學大學, 東義科學大, DONGEUI INSTITUTE OF TECHNOLOGY, 동의과학대학"
동의대학교,Dongeui University,"Dong-eui University, 東義大, 東義大學校, 동의대, 東義大學, 동의대학"
동주대학교,Dong-Ju College,"Dong-ju College, 동주대, 東洲大學校, 東洲大學, 東洲大, 동주대학, Dongju College"
두원공과대학교,Doowon Technical University College,"두원공업전문대, Doowon Technical College, Doowon Technical University, 斗源工科大學校, 斗源工科大學, 두원공과대, 斗源工科大, 두원공과대학, Doo Won technology College, 두원공업전문대학, 두원공과학대학교"
디지털서울문화예술대학교,Digital Seoul Culture Arts University,"디지털서울文化藝術大, 디지털서울文化藝術大學, 디지털서울文化藝術大學校, DIGITAL SEOUL CULTURE ARTS UNIVERSITY, 디지털서울문화예술대, 디지털서울문화예술대학"
루터대학교,Luther University,"루터대학, 루터大學校, 루터대, 루터大, 루터大學, LUTHER UNIVERSITY"
마산대학교,Masan University,"마산전문대학, 마산대, MASAN UNIVERSITY, 馬山大, 마산대학, 馬山大學, Masan College, 마산전문대, 馬山大學校"
명지대학교,Myongji University,"明知大學, 명지대, 明知大學校, 明知大, 명지대학, MYONGJI UNIVERSITY"
명지전문대학,Myongji College,"MYONGJI COLLEGE, 明知專門大, 명지전문대, 明知專門大學"
목원대학교,Mokwon University,"牧園大學校, 牧園大學, 목원대학, MOKWON UNIVERSITY, 牧園大, 목원대"
목포가톨릭대학교,Mokpo Catholic Universtiy,"木浦가톨릭大學, 木浦가톨릭大, Mokpo Catholic University, 木浦가톨릭大學校, 목포가톨릭대학, 목포가톨릭대, 목포카톨릭대학교"
목포과학대학교,Mokpo Science College,"목포과학대, MOKPO SCIENCE COLLEGE, 木浦科學大學, Mokpo Science University, 木浦科學大學校, 木浦科學大, 목포과학대학"
목포대학교,Mokpo National University,"목포대, 국립목포대학교, Mokpo National University, 木浦大學校, 목포대학, 木浦大, 木浦大學"
목포해양대학교,Mokpo National Maritime University,"목포해양전문대학, 목포해양전문대, 木浦海洋大, 木浦海洋大學校, 목포해양대, Mokpo Merchant Marine Junior College, 木浦海洋大學, Mokpo National Maritime University, 국립목포해양대학교, 목포해양대학"
문경대학교,Munkyung College,"聞慶大學校, 聞慶大學, 聞慶大, 문경대, Munkyung College, 문경대학"
배재대학교,Paichai University,"培材大學校, 培材大學, Pai Chai University, PAICHAI UNIVERSITY, 배재대학, 培材大, 배재대"
배화여자대학교,Baewha Women's University,"培花女子大學, 배화여자대학, 培花女子大, 培花女子大學校, BaeWha Womens College, 배화여자대, Baewha Women's University"
백석대학교,Baeseok University,"白石大學校, Baekseok University, 백석대, 白石大學, 白石大, 백석대학"
백석문화대학교,Baekseok Culture University,"BAEKSEOK CULTURE UNIVERSITY, 白石文化大學, 白石文化大, 백석문화대, 백석문화대학, 白石文化大學校"
백제예술대학교,Paeche Institute of the Arts,"百濟藝術大學, Paekche Art College, 百濟藝術大, paekche Institute of the Arts, 백제예술대, 백제예술대학, 百濟藝術大學校"
베뢰아국제대학원대학교,Berea International Theological Seminary,"베뢰아國際大學院大學, 베뢰아國際大學院大, 베뢰아國際大學院大學校, 베뢰아국제대학원대학, Berea International Theological Seminary, 베뢰아국제대학원대"
벽성대학,Byuksung College,"碧城大, BYUKSUNG COLLEGE, 碧城大學, 벽성대"
부경대학교,Pukyong National Universtiy,"釜慶大學敎, Pukyong National University, 부경대, 부경대학, 국립부경대학교, 釜慶大敎"
부산가톨릭대학교,Catholic Universtiy of Pusan,"釜山가톨릭大學校, 釜山가톨릭大學, CATHOLIC UNIVERSITY OF PUSAN, 부산가톨릭대학, 부산가톨릭대, 釜山가톨릭大, 부산카톨릭대학교"
부산경상대학교,Busan Kyungsang College,"釜山經商大, 부산경상대학, Busan Kyungsang College, 釜山經商大學, 부산경상대, 釜山經商大學校"
부산과학기술대학교,Busan Institute of Science and Technology,"釜山科學技術大, BUSAN INSTITUTE OF SCIENCE AND TECHNOLOGY, 釜山科學技術大學校, 釜山科學技術大學, 부산과학기술대, 부산과학기술대학"
부산교육대학교,Pusan National University of Education,"부산교육대, 釜山敎育大學, Busan National University of Education, 부산교육대학, 釜山敎育大學校, 釜山敎育大"
부산대학교,Pusan National University,"부산대학, 釜山大學, Busan National University, 부산대, Pusan National University, 釜山大, 釜山大學校"
부산디지털대학교,Busan Digital University,"釜山디지털大學校, 釜山디지털大, 부산디지털대학, 부산디지털대, 釜山디지털大學, Busan Digital University"
부산여자대학교,Busan Women's College,"釜山女子大, 부산여자대학, Pusan Women's College, BusanWomensCollege, 釜山女子大學, 부산여자대, Pusan Woman's University, 釜山女子大學校"
부산예술대학교,Busan Arts College,"Busan Arts College, 부산예술대학, 釜山藝術大, 부산예술대, 釜山藝術大學校, 釜山藝術大學"
부산외국어대학교,Pusan University of Foreign Studies,"釜山外國語大學, 부산외국어대학, 부산외국어대, 釜山外國語大, 釜山外國語大學校, Busan University Of Foreign Studies"
부산장신대학교,Busan Presbyterian University,"釜山長神大, 釜山長神大學校, 釜山長神大學, Busan Presbyterian University, 부산장신대학, 부산장신대"
부천대학교,Bucheon University,"富川大學校, 富川大學, Bucheon College, BUCHEON UNIVERSITY, 부천대학, 富川大, 부천대"
북한대학원대학교,University of North Korean Studies,"북한대학원대학, 北韓大學院大學校, 北韓大學院大學, University of North Korean Studies, 北韓大學院大, 북한대학원대"
사이버한국외국어대학교,Cyber Hankuk University of Foreign Studies,"사이버韓國外國語大學校, 사이버韓國外國語大學, Cyber Hankuk University of Foreign Studies, 사이버한국외국어대, 사이버한국외국어대학, 사이버韓國外國語大"
삼육대학교,Sahmyook University,"三育大, Sahmyook University, 삼육대학, 三育大學校, 삼육대, 三育大學"
삼육보건대학교,Sahmyook Health University,"삼육보건대학, 三育保建大學校, 삼육보건대, 三育保建大學, 三育保建大, Sahmyook Health University College"
상명대학교,Sangmyung University,"祥明大學校, 祥明大, 상명대, SANGMYUNG UNIVERSITY, 상명대학, 祥明大學"
상지대학교,Sangji University,"상지대, 尙志大, 尙志大學, SANGJI UNIVERSITY, 상지대학, 尙志大學校"
상지영서대학교,Sangji Youngsoe College,"상지영서대, SANGJI YOUNGSEO COLLEGE, 尙志嶺西大學, Sangji Youngseo College, 尙志嶺西大學校, 상지영서대학, 尙志嶺西大"
서강대학교,Sogang University,"Sogang University, 서강대, 西江大, 서강대학, 西江大學, 西江大學校"
서경대학교,Seokyong Universtiy,"西京大學校, 서경대, 西京大, SEOKYEONG UNIVERSITY, 서경대학, 西京大學"
서남대학교,Seonam University,"西南大學校, 서남대, SEONAM UNIVERSITY, 西南大學, 西南大, 서남대학"
서라벌대학교,Sorabol College,"SORABOL COLLEGE, 서라벌대, 徐羅伐大, 徐羅伐大學, 徐羅伐大學校, 서라벌대학"
서영대학교,Seyoung University,"SEOYEONG UNIVERSITY, 瑞永大學校, 瑞永大學, 瑞永大, 서영대학, 서영대"
서울과학기술대학교,Seoul National University of Science and Tech.,"서울科學技術大學, 서울科學技術大學校, 서울과학기술대(산업대), 서울과학기술대학, 서울과학기술대학(산업대), Seoul National University of Science and Technology, 서울科學技術大, Graduate School of NID Fusion Technology, 서울과학기술대"
서울과학종합대학원대학교,a Seoul School of Integrated Sciences & Technologies,"서울科學綜合大學院大, Seoul School of Integrated Sciences & Technologies, a Seoul School of Integrated Sciences and Technologies, 서울과학종합대학원대학, 서울科學綜合大學院大學校, 서울과학종합대학원대, 서울科學綜合大學院大學"
서울교육대학교,Seoul National University of Education,"서울敎育大, 서울교육대, 서울敎育大學, 서울敎育大學校, Seoul National University of Education, 서울교육대학"
서울기독대학교,Seoul Christian University,"서울基督大學校, 서울基督大學, 서울기독대학, SEOUL CHRISTIAN UNIVERSITY, 서울基督大, 서울기독대"
서울대학교,Seoul National University,"서울大學校, 서울大學, 서울大, 서울대학, Seoul National University, 서울대, 서울대학교정밀기계설계공동연구소"
서울디지털대학교,Seoul Digital University,"Seoul Digital University, 서울디지털대학, 서울디지털大學, 서울디지털大, 서울디지털大學校, 서울디지털대"
서울미디어대학원대학교,Korean German Institute of Technology,"서울미디어大學院大學校, 서울미디어대학원대, 서울미디어大學院大, Seoul Media Institute of Technology, 서울미디어大學院大學, 서울미디어대학원대학"
서울벤처대학원대학교,Seoul University of Venture & Information,"서울벤처大學院大學校, 서울벤처大學院大學, Seoul Venture University, 서울벤처대학원대학, 서울벤처大學院大, 서울벤처대학원대"
서울불교대학원대학교,Seoul University of Buddhism,"서울佛敎大學院大學校, 서울佛敎大學院大學, 서울불교대학원대, 서울佛敎大學院大, 서울불교대학원대학, Seoul University of Buddhism"
서울사이버대학교,Seoul Cyber University,"서울사이버대, Seoul Cyber University, 서울사이버大學校, 서울사이버大, 서울사이버大學, 서울사이버대학"
서울사회복지대학원대학교,Seoul Social Welfare Graduate University,"서울社會福祉大學院大學校, Seoul Social Welfare Graduate University, 서울社會福祉大學院大, 서울사회복지대학원대, Seoul Welfare Graduate University, 서울社會福祉大學院大學, 서울사회복지대학원대학"
서울산업대학교,Seoul National University of Technology,"국립서울산업대학교, Seoul National University of Technology, 서울산업대, 서울산업대학"
서울성경신학대학원대학교,Seoul Bible Graduate School of Theology,"SEOUL BIBLE GRADUATE SCHOOL OF THEOLOGYY, 서울聖經神學大學院大學敎, 서울성경신학대학원대, 서울성경신학대학원대학, 서울聖經神學大學院大敎, Seoul Bible Graduate School of Theology"
서울시립대학교,University of Seoul,"서울市立大, 서울市立大學, 서울시립대, The University of Seoul, 서울市立大學校, 서울시립대학"
서울신학대학교,Seoul Theological University,"서울神學大學校, Seoul Theological University, 서울神學大學, 서울신학대학, 서울神學大, 서울신학대"
서울여자간호대학교,Seoul Women's College of Nursing,"서울여자간호대학, 서울女子看護大學校, 서울여자간호대, Seoul Women's College of nursing, 서울女子看護大學, 서울女子看護大"
서울여자대학교,Seoul Womens University,"Seoul Women's University, 서울女子大學敎, 서울여자대, 서울女子大敎, 서울여자대학"
서울예술대학교,Seoul Institute of the Arts,"서울예술대, 서울예술대학, 서울藝術大學, Seoul Institute of the Arts, 서울藝術大學校, 서울藝術大"
서울외국어대학원대학교,Seoul University of Foreign Studies,"서울외국어대학원대학, 서울외국어대학원대, 서울外國語大學院大, 서울外國語大學院大學校, 서울外國語大學院大學, Seoul University of Foreign Studies"
서울장신대학교,Seoul Jangsin University,"서울장신대, 서울장신대학, 서울長神大學, 서울長神大學校, 서울長神大, SEOUL JANGSIN UNIVERSITY, Seoul Jangsin University and Theological Seminary"
서울한영대학교,Seoul Hanyoung University,한영대학교
서원대학교,Seowon University,"서원대학, 西原大學校, 西原大, 西原大學, SEOWONUNIVERSITY, Seowon University, 서원대"
서일대학교,Seoil University,"서일대학, Seoil College, 瑞逸大學校, 서일대, 서일전문대, SEOIL UNIVERSITY, 瑞逸大, 瑞逸大學, 서일전문대학, Seoil Junior College"
서정대학교,SeoJeong College,"서정대학, SEOJEONG COLLEGE, 서정대, 瑞靖大學校, 瑞靖大學, 瑞靖大"
서해대학,Sohae College,"서해대학교, 西海大學校, 西海大學, 西海大, Sohae College, 서해대"
선린대학교,Sunlin University,"선린대, SUNLIN UNIVERSITY, 善隣大學校, 善隣大, 선린대학, Sunlin College, 善隣大學"
선문대학교,Sunmoon University,"선문대학, 鮮文大學校, 鮮文大學, 선문대, Sunmoon University, 鮮文大"
선학UP대학원대학교,SunHak Universal Peace Graduate University,
성결대학교,Sungkyul University,"聖潔大學, SUNGKYUL UNIVERSITY, 聖潔大學校, 성결대학, 성결대, 聖潔大"
성공회대학교,Sungkonghoe University,"Sungkonghoe University, 聖公會大學, 聖公會大, 성공회대학, SungkonghoeUniversity, 성공회대, 聖公會大學校"
성균관대학교,Sungkyungkwan University,"Sungkyunkwan University, 성균관대, 成均館大學, 성균관대학, 成均館大學校, 成均館大"
성덕대학교,SUNGDUK C.UNIVERSITY,"成德大學, SUNGDUK C.UNIVERSITY, 성덕대, 成德大, 成德大學校, 성덕대학"
성산효대학원대학교,Sungsan Hyo University,"聖山孝大學院大學校, 聖山孝大學院大, 성산효대학원대, 성산효대학원대학, 聖山孝大學院大學, Sungsan Hyo Graduate School, Sungsan Hyo University"
성서침례대학원대학교,Bible Baptist Theological Seminary,"聖書浸禮大學院大學, 성서침례대학원대학, 聖書浸禮大學院大, Bible Baptist Theological Seminary, 聖書浸禮大學院大學校, 성서침례대학원대"
성신여자대학교,Sungshin Women's University,"성신여자대학, 성신여자대, Sungshin women's university, 誠信女子大學校, 誠信女子大學, 誠信女子大"
성심외국어대학,SungSim College of Foreign Languages,"SungSim College of Foreign Languages, 聖心外國語大學, 성심외국어대, 聖心外國語大"
성운대학교,Sungwoon University,
세경대학교,Saekyung University,"世京大學校, 世京大, 세경대학, Saekyung college, 세경대, 世京大學"
세명대학교,Semyung University,"SEMYUNG UNIVERSITY, 世明大學校, 세명대, 세명대학, 世明大學, 世明大, se myung university"
세종대학교,Sejong University,"Sejong University, 세종대, 世宗大學, Sejone university, 世宗大學校, 세종대학, 世宗大"
세종사이버대학교,Sejong Cyber University,"Sejong Cyber University, 世宗사이버大學校, 世宗사이버大學, 世宗사이버大, 세종사이버대, 세종사이버대학"
세한대학교,SEHAN UNIVERSITY,"世翰大學, 세한대, SEHAN UNIVERSITY, 世翰大學校, 세한대학, 世翰大"
송곡대학교,Songgok University,"Songgok college, 松谷大學, 松谷大學校, 송곡대학, 송곡대, 松谷大"
송원대학교,Songwon University,"松源大, Song Won College, SONGWON UNIVERSITY COLLEGE, 松源大學, 松源大學校, SONGWON UNIVERSITY, 송원대, 송원대학"
송호대학교,Songho University,"松湖大, 송호대, 松湖大學, SongHo College, 松湖大學校, 송호대학"
수성대학교,Suseong University,"SUSEONG COLLEGE, 수성대학, 수성대, 壽城大學校, 壽城大, 壽城大學"
수원가톨릭대학교,Suwon Catholic University,"SUWON CATHOLIC UNIVERSITY, 水原가톨릭大學, 수원가톨릭대, 수원가톨릭대학, 水原가톨릭大, 水原가톨릭大學校, 수원카톨릭대학교"
수원과학대학교,Suwon Science College,"SUWON SCIENCE COLLEGE, 수원과학대학, 수원과학대, 水原科學大學, 水原科學大學校, 水原科學大"
수원대학교,Suwon University,"UNIVERSITY OF SUWON, 수원대학, The University of Suwon, 수원대, 水原大學敎, 水原大, 水原大敎, 水原大學, 수원대학교 산학협력단"
수원여자대학교,Suwon Women's University,"水原女子專門大, 水原女子大, 水原女子大學, SUWON WOMEN'S COLLEGE, 수원여자전문대학, 水原女子大學校, 수원여자전문대, 水原女子專門大學, 수원여자대학, 수원여자대"
숙명여자대학교,Sookmyung Women's University,"숙명여자대, 淑明女子專門學校, 淑明女子大, Sookmyung Women's University, 숙명여자전문학교, 淑明女子大學校, 숙명여자대학, 淑明女子大學"
순복음대학원대학교,Sunbokeum Theological Seminary,"순복음대학원대, 순복음대학원대학, 純福音大學院大學校, 純福音大學院大, SUNBOKEUM THEOLOGICAL SEMINARY, 純福音大學院大學"
순복음총회신학교,Korean Christian College,"Korea Christian College, 純福音總會神學校"
순천대학교,Sunchon University,"SUNCHON NATIONAL UNIVERSITY, 順天大學校, 국립순천대학교, 순천대, 順天大學, 順天大, 순천대학, Sunchon Natinal University"
순천제일대학교,Suncheon Jeil College,"Suncheon Jeil College, 순천제일대학, 順天第一大, Suncheon Jeil Colle, 順天第一大學校, 순천제일대, 順天第一大學"
순천향대학교,Soon Chun Hyang University,"順天鄕大, 순천향대, Soonchunhyang University, 順天鄕大學校, 순천향대학, 順天鄕大學, 순청향대학교"
숭실대학교,Soongsil University,"崇實大學校, 崇實大學, 숭실대, Soongsil University, 崇實大, 숭실대학"
숭실사이버대학교,Korea Soongsil Cyber University ,"崇實사이버大學校, 숭실사이버대학, 숭실사이버대, 崇實사이버大學, Korea Soongsil Cyber University, 崇實사이버大"
숭의여자대학교,Soongeui Women's College,"崇義女子大, 崇義女子大學, 숭의여자대, Soongeui Women's College, 숭의여자대학, 崇義女子大學校"
신경대학교,Shingyeong University,"Shingyeong University, 新京大學校, 신경대학, 新京大, 新京大學, 신경대"
신구대학교,Shingu College,"新丘大, 신구대, 新丘大學校, 신구대학, SHINGU COLLEGE, 新丘大學"
신라대학교,Silla College,"신라대학, 新羅大學, 新羅大學校, 新羅大, 신라대, SILLA UNIVERSITY"
신성대학교,Shinsung University,"SHINSUNG UNIVERSITY, 신성대학, 신성대, 新星大學校, 新星大學, 新星大"
신안산대학교,Shinansan University,"新安山大學校, 新安山大學, 신안산대, 신안산대학, Shin Ansan University, 新安山大"
신한대학교,Shin Han University,"信韓大學, 信韓大學校, 신한대학, 신한대, 信韓大, SHINHAN UNVIRSITY"
신흥대학교,Shinheung College,"SHINHEUNGCOLLEGE, 新興大, 신흥대학, Shinheung College, 新興大學, 新興大學校, 신흥대"
실천신학대학원대학교,Graduate School of Practical Theology,"실천신학대학원대, 실천신학대학원대학, 神學大學院大學, Graduate School of Practical Theology, 神學大學院大學校, 神學大學院大"
아세아연합신학대학교,ACTS University,"亞細亞聯合神學大學校, 아세아연합신학대, 아세아연합신학대학, 亞細亞聯合神學大, Asia United Theological University, Asian Center for Theological Studies and Mission, 亞細亞聯合神學大學"
아주대학교,Ajou University,"아주대, 亞洲大, 아주대학, Ajou University, 亞洲大學校, 亞洲大學"
아주자동차대학,Ajou Motor College,"亞洲自動車大, AJOU MOTOR COLLEGE, 아주자동차대, 亞洲自動車大學, 아주자동차대학교"
안동과학대학교,Andong Science College,"安東科學大學, AndongScienceCollege, 安東科學大學校, 安東科學大, Andong Science College, 안동과학대, 안동과학대학"
안동대학교,Andong University,"안동대, Andong national university, 安東大, 安東大學校, 안동대학, 安東大學, 국립안동대학교"
안산대학교,Ansan University,"安山大學, 안산대, Ansan University, 안산대학, 安山大學校, Ansan College, 安山大"
안양대학교,Anyang University,"安養大學校, Anyang University, 안양대학, 安養大學, 안양대, 安養大"
에브타바드대학교,,
에스라성경대학원대학교,Ezra Bible Institute for Graduate Studies,"Ezra Bible Institute for Graduate Studies, 에스라성경대학원대학, 에스라聖經大學院大, 에스라聖經大學院大學, 에스라성경대학원대, 에스라聖經大學院大學校"
여주대학교,Yeoju Institute of Technology,"여주대, YEOJU INSTITUTE OF TECHNOLOGY, 여주대학, 驪州大學校, 驪州大學, 驪州大"
연성대학교,Yeonsung University,"연성대, YEONSUNG UNIVERSITY, 硏成學大, 연성대학, 硏成學大學"
연세대학교,Yonsei University,"연세대학, Yonsei University, 연세대, 延世大學, 延世大, 延世大學校, 연세대학교(원주)"
연암공과대학교,Yonam Institute of Digital Technology,"연암공과대학, Yonam Institute of Technology, 蓮庵工科大學校, 蓮庵工科大, 蓮庵工科大學, 연암공과대, 연암공업대학교, 연암공업대"
연암대학교,Yonam College,"YONAM COLLEGE, 연암대학, 蓮庵大學校, 蓮庵大, 蓮庵大學, 연암대, 천안연암대학, 천안연암대학교"
영남대학교,Yeungnam University,"영남대학, Yeungnam University, 嶺南大, 嶺南大學, 영남대, 嶺南大學校"
영남신학대학교,Youngnam Theological University and Seminary,"영남신학대, 嶺南神學大, 嶺南神學大學, Youngnam Theological University&Seminary, 嶺南神學大學校, Youngnam Theological University and Seminary, 영남신학대학"
영남외국어대학,Youngnam Foreign Language College,
영남이공대학교,Yeungnam University College,"영남이공대학, 嶺南理工大, 嶺南理工大學校, 嶺南理工大學, 영남이공대"
영산대학교,Youngsan University,"영산대, YOUNGSAN UNIVERSITY, 靈山大學校, 영산대(산업대), 영산대학(산업대), 靈山大學, 영산대학교(산업대), 영산대학, 靈山大"
영산선학대학교,Youngsan University of Seonstudies,"靈山禪學大敎, 영산선학대학, 靈山禪學大學敎, Youngsan University of Seonstudies, 영산선학대, Youngsan University of Seon studies"
영진사이버대학교,Yeungin Cyber College,
영진전문대학교,Yeungjin University,
예명대학원대학교,Yemyung Graduate University,"Yemyung Graduate University, 叡名大學院大學校, 叡名大學院大, 예명대학원대학, 叡名大學院大學, 예명대학원대"
예수대학교,Jesus University,"예수大學, 예수대, Jesus University, 예수大學校, 예수대학, 예수大"
예원예술대학교,Yewon Arts University,"藝苑藝術大學, 예원예술대, 藝苑藝術大學校, yewon arts university, 예원예술대학, 藝苑藝術大"
오산대학교,Osan University,"OSAN UNIVERSITY, 烏山大, 烏山大學校, 오산대학, 烏山大學, 오산대"
온석대학원대학교,Onseok University,
용문상담심리대학원대학교,Seoul Graduate School of Counseling Psychology,"Yongmoon graduate school of counseling psychology, 龍文相談心理大學院大, 용문상담심리대학원대, 龍文相談心理大學院大學校, 龍文相談心理大學院大學, 용문상담심리대학원대학"
용인대학교,Yongin University,"용인대, 龍仁大學, 용인대학, Yong In University, 龍仁大, 龍仁大學校"
용인송담대학교,Yong-In Songdam College,"龍仁松潭大, 용인송담대학, 용인송담대, YONG-IN SONGDAM COLLEGE, 龍仁松潭大學校, 龍仁松潭大學"
우석대학교,Woosuk University,"又石大學校, 又石大學, 우석대, WOOSUK UNIVERSITY, 又石大, 우석대학"
우송대학교,Woosong University,"又松大學校, woosong University, 우송대학, 又松大學, 又松大, 우송대"
우송정보대학,Woosong College,"우송정보대, 又松精報大, Woosong College, 又松精報大學, 우송정보대학교"
울산과학기술원,Ulsan National Institute of Science and Technology,"울산과학기술대학, Ulsan National Institute of Science and Technology, 蔚山科學技術大, 울산과학기술대학교, 蔚山科學技術大學, 蔚山科學技術大學校, 蔚山科學技術院, 울산과학기술대, UNIST, 국립대학법인울산과학기술대학교, 울산과학기술원(UNIST)"
울산과학대학교,Ulsan College,"蔚山科學大學, 蔚山科學大學校, 蔚山科學大, 울산과학대학, ULSAN COLLEGE, 울산과학대"
울산대학교,Ulsan Universtiy,"UNIVERSITY OF ULSAN, 울산대학, 울산대, Ulsan University, 蔚山大學, 蔚山大學校, 蔚山大"
웅지세무대학교,Woongji Accounting & Tax Collage,
원광대학교,Wonkwang University,"Wonkwang University, 圓光大學校, 圓光大, 원광대, 원광대학, 圓光大學"
원광디지털대학교,Wonkwang Digital University,"圓光디지털大學, 원광디지털대, 圓光디지털大, Wonkwang Digital University, 圓光디지털大學校, 원광디지털대학"
원광보건대학교,Wonkwang Health Science University,"圓光保健大學敎, 圓光保健大敎, Wonkwang Health Science University, 원광보건대학, 원광보건대, Wonkwang health Science College"
원불교대학원대학교,Won-Buddhism Graduate School,"원불교대학원대학, 圓佛敎大學院大, 圓佛敎大學院大學, 원불교대학원대, 圓佛敎大學院大學校, WONBUDDHISMGRADUATESCHOOL, WON-BUDDHISM GRADUATE SCHOOL"
웨스트민스터신학대학원대학교,Weatminster Graduate School of Theology ,
위덕대학교,Uiduk University,"威德大, 威德大學, 위덕대학, 위덕대, Uiduk University, 威德大學校"
유원대학교,U1 UNIVERSITY,"유원대학, 유원대, U1 UNIVERSITY, U1대학교, 유원(U1)대학교"
유한대학교,Yuhan University,"柳韓大, YUHAN UNIVERSITY, 유한대, 柳韓大學, 유한대학, 柳韓大學校"
육군3사관학교,Korea Army Academy at Yeongcheon,"Korea Army Academy, 陸軍三士官學校, KOREA ARMY ACADEMY AT YEONG-CHEON"
육군사관학교,Korea Military Academy,"Korea Military Academy, 陸軍士官學校"
을지대학교,Eulji University,"乙支大, 을지대학, 을지의과대학교, 을지대, 乙支醫科大學, Eulji University, 乙支大學校, 乙支醫科大, 을지의과대학, 乙支大學, 을지의과대, 乙支醫科大學校"
이화여자대학교,Ewha Womans University,"이화여자대학, 이화여대, 梨花女子大, Ewha Womans University, 梨花女子大學校, 이화의대, 이화여자대, 梨花女子大學"
인덕대학교,Induk University,"Induk University, 인덕대, 仁德大學, 仁德大學校, 인덕대학, 仁德大, Induk College"
인제대학교,Inje University,"仁濟大學校, 인제대, 仁濟大學, 仁濟大, Inje University, 인제대학"
인천가톨릭대학교,Incheon Catholic University,"인천가톨릭대, 仁川─ 大學校, 仁川─ 大學, Incheon Catholic University, 仁川─ 大, 인천가톨릭대학"
인천대학교,Incheon University,"인천대학, 仁川大學, 인천대, Incheon City College, University of Incheon, 仁川大, Incheon National University, 仁川大學校, 시립인천대학교, 시립인천대"
인천재능대학교,Jei University,"仁川才能大學校, 인천재능대, JEI UNIVERSITY, 仁川才能大, 仁川才能大學, 인천재능대학"
인하공업전문대학,Inha Technical College,"仁荷工業專門大學, 인하공업대학교, 인하공업전문대, 仁荷工業專門大, 인하공업대학, INHA TECHNICAL COLLEGE, 인하공업전문대학교"
인하대학교,Inha University,"인하대, 인하대학, 仁荷大, 仁荷大學, 仁荷大學校, INHA UNIVERSITY"
장로회신학대학교,Presbyterian University and Theological Seminary,"長老會神學大學, 長老會神學大, 장로회신학대, Presbyterian University and Theological Seminary, 장로회신학대학, 長老會神學大學校"
장안대학교,Jangan University,"長安大學校, Changan University, 長安大, 장안대, Chang'an University, 長安大學, JANGAN University, JANGAN COLLEGE, 장안대학"
적십자간호대학,Red Cross College of Nursing,"Red Cross College of Nursing, 赤十子看護大學, 赤十子看護大, 적십자간호대"
전남과학대학교,Chunnam Techno University,"Chunnam Techno College, 全南科學大學校, CHUNNAM TECHNO UNIVERSITY, 전남과학대학, 全南科學大學, 全南科學大, 전남과학대"
전남대학교,Chonnam University,"Chonnam National University, 全南大學校, 전남대학, 全南大, 全南大學, 전남대"
전남도립대학교,Jeonnam Provincial College,"전남도립대학, 전남도립남도대학, 전남도립대, Jeonnam Provincial College, 全南道立大學敎, 全南道立大敎, 전남도립남도대"
전북과학대학교,Jeonbuk Science College,"全北科學大學校, 전북과학대, 全北科學大學, 全北科學大, JEONBUK SCIENCE COLLEGE, 전북과학대학"
전북대학교,Chonbuk University,"全北大, 전북대학, 全北大學, 全北大學校, Chonbuk National University, 전북대"
전주교육대학교,Jeonju National University of Education,"全州敎育大學校, JEONJU NATIONAL UNIVERSITY OF EDUCATION, 전주교육대, 全州敎育大學, 전주교육대학, 全州敎育大, Chonju National University of Education"
전주기전대학,Jeonju Kijeon College,"전주기전대, Jeonju Kijeon College, 全州紀全大, 全州紀全大學, 전주기전대학교"
전주대학교,Jeonju University,"全州大學, 全州大學校, 전주대학, Jeonju University, 全州大, 전주대"
전주비전대학교,Vision College of Jeonju,"전주비전대학, Vision College of Jeonju, 전주비전대, 全州─大學, 全州─大, 全州─大學校, Vision University, Vision University of Jeonju"
정석대학,Jungseok College,"靜石大, JUNGSEOK INSTITUTE OF TECHNOLOGY, 靜石大學, 정석대"
제네바신학대학원대학교,Geneva Theological Seminary,
제주관광대학교,Jeju Tourism University,"CHEJU TOURISM COLLEGE, 濟州觀光大學校, 제주관광대학, 濟州觀光大, CHEJU TOURISM University, 濟州觀光大學, 제주관광대"
제주국제대학교,Jeju International University,"濟州國際大學校, 濟州國際大, 제주국제대, JejuInternationalUniversity, 濟州國際大學, 제주국제대학, Jeju International University"
제주대학교,Jeju University,"제주대, Jeju National University, 제주대학, 濟州大學, 濟州大學校, Cheju National University, 濟州大"
제주산업정보대학,Jeju College of Technology,"제주산업정보대, 濟州産業情報大學, 濟州産業情報大, 제주산업정보대학교"
제주한라대학교,Cheju Halla University,"濟州漢拏大, Cheju Halla College, 제주한라대학, CHEJU HALLA UNIVERSITY, 濟州漢拏大學校, 濟州漢拏大學, 제주한라대"
조선간호대학교,Chosun Nursing College,"朝鮮看護大, 朝鮮看護大學校, CHOSUN NURSING COLLEGE, 朝鮮看護大學, 조선간호대, 조선간호대학"
조선대학교,Chosun University,"Chosun University, 조선대, 朝鮮大學, 朝鮮大, 조선대학, 朝鮮大學校"
조선이공대학교,Chosun College of Science & Technology,"朝鮮理工大學校, 조선이공대, 朝鮮理工大, 조선이공대학, CHOSUN COLLEGE OF SCIENCE & TECHNOLOY, 朝鮮理工大學, Chosun University College of Sience and Technology"
주안대학원대학교,Juan International University,"주안 大學院 大學校, 주안 大學院 大, 주안대학원대학, 주안 大學院 大學, 주안대학원대"
중부대학교,Joongbu University,"joong bu university, 中部大, 중부대학, 中部大學, JOONGBU UNIVERSITY, 중부대, 中部大學校"
중앙대학교,Chung-Ang University,"CHUNG-ANG UNIVERSITY, Chung Ang University, 중앙대, 中央大, 중앙대학, 中央大學, 中央大學校"
중앙승가대학교,Jung-ang Sangha University,"중앙승가대, 중앙승가대학, 中央僧伽大學, 中央僧伽大學校, Joong-Ang Sangha University, 中央僧伽大"
중원대학교,Jungwon University,"JUNGWON UNIVERSITY, 中源大學校, 中源大, 中源大學, Jung-Won University, 중원대학, 중원대"
진주교육대학교,Chinju National University of Education,"晉州敎育大學, 진주교육대학, Chinju National Uinversity of Education, 진주교육대, 晉州敎育大學校, 晉州敎育大"
진주보건대학교,Jinju Health College,"JINJU HEALTH COLLEGE, 진주보건대, 晋州保建大學, 진주보건대학, 晋州保建大, 晋州保建大學校"
차의과학대학교,CHA University,"차의과학대, CHA University, 車醫科學大, 車醫科學大學校, 車醫科學大學, 차의과학대학, 차의과대학교, 차의과대학, 차의과대"
창신대학교,Changshin University,"창신대학, 昌信大學校, 昌信大學, Chang Shin College, CHANGSHIN UNIVERSITY, 昌信大, 창신대"
창원대학교,Changwon National University,"昌原大學校, 昌原大學, Chang-won University, 昌原大, 창원대학, Chang-won National University, Changwon National University, 창원대, Chang-won Natl University, Changwon University, 국립창원대학교"
창원문성대학교,Changwon Moonsung University,"창원문성대, 昌原文星大學校, 昌原文星大, Changwon Moonsung University, 昌原文星大學, 창원문성대학"
청강문화산업대학교,Chungkang College of Cultural Industries,"Chungkang College of Cultural Industries, 청강문화산업대, 靑江文化産業大學, 靑江文化産業大學校, 靑江文化産業大, 청강문화산업대학"
청암대학교,Chungam College,"청암대, 靑巖大學敎, 청암대학, 靑陽大, Chongyang College, 靑巖大敎, CHEONGAM COLLEGE"
청운대학교,Chungwoon University,"靑雲大, CHUNGWOON UNIVERSITY, 청운대, 靑雲大學, 청운대학, 靑雲大學校"
청주교육대학교,Cheongju National University of Education,"chongju national university of education, 淸州敎育大, 청주사범학교, 淸州敎育大學校, chongjunationaluniversityofeducation, 청주교육대학, 淸州敎育大學, 청주교육대"
청주대학교,Cheongju University,"Chengju University, 淸州大學, 淸州大, 淸州大學校, 청주대, Cheongju University, 청주대학"
초당대학교,Chodang University,"초당대학, Chodang University, 草堂大學校, 草堂大學, 草堂大, 초당대"
총신대학교,Chongshin University,"총신대, 總神大學校, 총신대학, 總神大, Chongshin University, 總神大學"
추계예술대학교,Chukye University for the Arts,"Chugye University for the Arts, 추계예술대학, 추계예술대, 秋溪藝術大學校, 秋溪藝術大學, 秋溪藝術大"
춘천교육대학교,Chuncheon National University of Education,"春川敎育大, 春川敎育大學, 춘천교육대, Chuncheon National University of Education, 춘천교육대학(4년제), 춘천교육대학, 춘천교육대(4년제), 春川敎育大學校"
춘해보건대학교,Choonhae College of Health Sciences,"춘해보건대, 춘해보건대학, 春海保健大學, 春海保健大, Choonhae College of Health Sciences, 春海保健大學校"
충남대학교,Chungnam National University,"충남대, 忠南大學, 충남대학, 忠南大學校, 忠南大, Chungnam National University"
충남도립대학교,Chungnam State University,"靑陽大學, 충남도립대학, Chungnam State University, 충남도립대, Chongyang College, 靑陽大, 忠南道立大學校, 청양대학, 忠南道立大, Chungnam Provincial Cheongyang College, 忠南道立靑陽大, 충남도립청양대, 忠南道立靑陽大學, 청양대, 충남도립청양대학, 忠南道立大學, 충남도립청양대학교"
충북대학교,Chungbuk National University,"忠北大學, 충북대, Chungbuk National University, 忠北大, 충북대학, 忠北大學校"
충북도립대학교,Chungbuk Provincial University,"충북대학교(도립), 충북대(도립), 충북도립대학, Chungbuk Provincial College, 충북대학(도립), Chungbuk Provincial University, 忠北道立大學, 충북도립대, 忠北道立大"
충북보건과학대학교,Chungbuk Health&Science University,"Chungbuk Health and Science College, 주성전문대, 忠北保健科學大學校, Jusong College, 舟城大學, 舟城大, 주성대, 주성전문대학, 忠北保健科學大學, 忠北保健科學大, 충북보건과학대학, 주성대학, Chungbuk Health & Science University, 충북보건과학대"
충주대학교,Chungju National University,"Chungju National Technical Junior College, 충주산업대학, 충주공업전문대, Chung Ju Industrial University, Chung-Ju National University, 충주산업대, 충주대학, 충주대, 충주공업전문학교, 충주공업전문대학, 충주산업대학교, 국립충주대학교"
충청대학교,Chungcheong University,"Chung Cheong University, 忠淸大, 忠淸大學, ChungCheongUniversity, 충청대, 충청대학, 忠淸大學校"
치유상담대학원대학교,Healing & Counseling Graduate University,
침례신학대학교,Korea Baptist Theological University and Seminary,한국침례신학대학교
칼빈대학교,Calvin University,"칼빈大學, 칼빈대학, 칼빈大, 칼빈大學校, 칼빈대, Calvin University"
탐라대학교,Tamla National university,"탐라대, 耽羅大學校, TAMNA UNIVERSITY, 耽羅大學, 耽羅大, 탐라대학"
평택대학교,Pyeongtaek University,"平澤大, 平澤大學, 平澤大學校, 평택대, PYEONGTAEK UNIVERSITY, 평택대학"
포항공과대학교,Pohang University of Science and Technology,"浦項工科大學, 포항공과대, 浦項工科大, 포항공대, 포항공과대학, Pohang University of Science & Technology, 浦項工科大學校, Pohang University of Science and Technology, POSTECH, 포항공과대학교(POSTECH), 포항공대학교"
포항대학교,Pohang College,"浦項大, POHANGCOLLEGE, 포항대, POHANG UNIVERSITY, 포항대학, 浦項大學校, 浦項大學"
한경대학교,Hankyong National University,"한경대(산업대), 한경대학교(산업대), Hankyong National University, 韓京大學, 한경대, 韓京大學校, 한경대학(산업대), The Graduate School of Technology, 국립한경대학교, 韓京大, 한경대학"
한국개발연구원국제정책대학원대학교,KDI School of Public Policy and Management,"한국개발연구원국제정책대학원대학, 한국개발연구원국제정책대학원대, 韓國開發硏究院國際政策大學院大學校, 韓國開發硏究院國際政策大學院大, 韓國開發硏究院國際政策大學院大學"
한국골프대학교,Korea Golf University,
한국과학기술원,Korea Advanced Institute of Science and Technology,"과기원, Korea Advanced Institute of Science and Technology, Korea Advanced Institute of Science & Technology, 카이스트, 韓國科學技術院, 한국과학원, Korea Advanced Institute of Science, KAIST, 한국과기원, 한국과학기술원(KAIST)"
한국관광대학교,Korea Tourism College,"韓國觀光大, 한국관광대, 韓國觀光大學校, 한국관광대학, 韓國觀光大學"
한국교원대학교,Korea Naitonal University of Education,"한국교원대학, 韓國敎員大, 한국교원대, 韓國敎員大學, Korea National University Of Education, 韓國敎員大學校"
충주대학교,Korea National University of Transportation,"韓國交通大學, 한국교통대, 한국교통대학, Korea National University of Transportation, 韓國交通大, 韓國交通大學校, 국립한국교통대학교"
한국국제대학교,International University of Korea,"한국국제대, 한국국제대학, 韓國國際大學校, 韓國國際大學, 韓國國際大, INTERNATIONAL UNIVERSITY OF KOREA"
한국기술교육대학교,Korea University of Technology and Education,"韓國技術敎育大學校, 한국기술교육대, Korea University of Technology and Education, 韓國技術敎育大, 한국기술교육대학, 韓國技術敎育大學, 한국기술대학교"
한국농수산대학,Korea National College of Agriculture and Fisheries,"Korea National College of Agriculture and Fisheries, 韓國農水産大學, 한국농수산대, 韓國農水産大, 국립한국농수산대학교, 국립한국농수산대학"
한국뉴욕주립대,SUNY Korea,한국뉴욕주립대학교
한국방송통신대학교,Korea National Open University,"韓國放送通信大學校, 韓國放送通信大學, 한국방송통신대학, 韓國放送通信大, korea national open university, 한국방송통신대"
한국복지대학교,Korea National University of Welfare,"한국복지대, 한국복지대학, 韓國福祉大學敎, 韓國福祉大敎, Korea National University of Welfare"
한국복지사이버대학,Corea Welfare Cyber College,
한국산업기술대학교,KOREA POLYTECHNIC UNIVERSITY,"Korea Polytechnic University, 한국산업기술대학, 韓國産業技術大, 韓國産業技術大學校, 知識基盤技術ㆍ에너지大學院, 한국산업기술대학(산업대), 한국산업기술대(산업대), 한국산업기술대, Graduate School of Knowledge-based Tech & Energy, 韓國産業技術大學, 한국산업기술대학교(산업대)"
한국상담대학원대학교,Korea Counseling Graduate University,"Korea Counseling Graduate University, 한국상담대학원대, 한국상담대학원대학"
한국성서대학교,Korean Bible University,"韓國聖書大學, 한국성서대, Korean Bible University, 韓國聖書大學校, 한국성서대학, 韓國聖書大"
한국승강기대학교,Korea Lift College,"한국승강기대, 韓國陞降機大學, 한국승강기대학, 韓國陞降機大學校, Korea Lift College, 韓國陞降機大"
한국열린사이버대학교,Open Cyber University of Korea,"한국열린사이버대학, Open Cyber University, 韓國열린사이버大學敎, 한국열린사이버대, 韓國열린사이버大敎, 열린사이버대학교, 열린사이버대학"
한국영상대학교,Korea University of Media Arts,"KOREA UNIVERSITY OF MEDIA ARTS, 한국영상대학, 韓國映像大學, 한국영상대, 韓國映像大學校, 韓國映像大"
한국예술종합학교,Korea National University of Arts,"韓國藝術綜合學校, Korea National University of Arts"
한국외국어대학교,Hankuk University of Foreign Studies,"韓國外國語大學, 한국외국어대, 한국외국어대학, 韓國外國語大, 韓國外國語大學校, HANKUK UNIVERSITY OF FOREIGN STUDIES"
한국전력국제원자력대학원대학교,KEPCO International Nuclear Graduate School,"韓國電力國際原子力大學院大學校, International Nuclear Graduate School, 韓國電力國際原子力大學院大, KEPCO International Nuclear Graduate School, 한국전력국제원자력대학원대, 韓國電力國際原子力大學院大學, 한국전력국제원자력대학원대학, 국제원자력대학원대학교"
한국전통문화대학교,Korea National University of Cultural Heritage,"Korea National University of Cultural Heritage, 한국전통문화대학, 韓國傳統文大化學校, 한국전통문화대"
한국정보통신대학교,Information and Communications University,"韓國情報通信大, 韓國情報通信大學, 한국정보통신대학, 한국정보통신대, 韓國情報通信大學校, Information and Communications University, 한국정보통신대학교(ICU)"
한국종합예술학교,Korea National University of Arts,
한국철도대학,Korea National Railroad College,"KNRC, 한국철도대, 韓國鐵道大學, 철도전문대학, 철도전문대, 韓國鐵道大, Korea National Railroad College, KoreaNationalRailroadCollege"
한국체육대학교,Korea National Sport University,"韓國體育大學校, 韓國體育大學, 韓國體育大, 한국체육대학, Korea National Sport University, 한국체육대"
한국폴리텍대학,KOREA POLYTECHNICS,"폴리텍대학교, KOREA POLYTECHNICS, 한국폴리텍대학교"
한국폴리텍특성화대학,,한국폴리텍특성화대학교
한국폴리텍I대학,,한국폴리텍I대학교
한국폴리텍II대학,,한국폴리텍II대학교
한국폴리텍III대학,,한국폴리텍III대학교
한국폴리텍IV대학,,한국폴리텍IV대학교
한국폴리텍V대학,,한국폴리텍V대학교
한국폴리텍VI대학,,한국폴리텍VI대학교
한국폴리텍VII대학,,한국폴리텍VII대학교
한국학대학원,The Graduate School of Korean Studies in the Academy of Korean Studies,Graduate School of Korean Studies
한국항공대학교,Korea Aerospace University,"韓國航空大, 韓國航空大學, 한국항공대, 한국항공대학, KOREA AEROSPACE UNIVERSITY, 국립항공대, 국립항공대학, 韓國航空大學校"
한국해양대학교,Korea Maritime and Ocean University,"韓國海洋大學, 韓國海洋大學校, 국립해양대, 한국해양대학, 國立海洋大學, Korea Marine and Ocean University, 國立海洋大學校, 국립해양대학, National Maritime University, 韓國海洋大, Korea Maritime and Ocean University, 한국해양대, 國立海洋大"
한남대학교,Hannam University,"韓南大學校, 한남대학, 한남대, 韓南大學, 韓南大, Hannam University"
한동대학교,Handong Global University,"韓東大學校, 한동대학, 한동대, Handong Global University, 韓東大, 韓東大學"
한라대학교,Halla University,"漢拏大學校, 漢拏大, 漢拏大學, 한라대학, 한라대, Halla University"
한려대학교,Hanlyo University,"Hanlyo University, 漢麗大學校, 漢麗大學, Hallyo University, 한려대, 漢麗大, 한려대학"
한림국제대학원대학교,HALLYM UNIVERSITY OF GRADUATE STUDIES,"翰林國濟大學院大, 翰林國濟大學院大學, 翰林國濟大學院大學校, 한림국제대학원대, 한림국제대학원대학"
한림대학교,Hallym University,"한림대학, 翰林大, 翰林大學校, Hallym University, hanlim university, 翰林大學, 한림대"
한림성심대학교,HALLYM POLYTECHNIC UNIVERSITY,"한림성심대학, 翰林聖心大學校, HALLYM POLYTECHNIC UNIVERSITY, 한림성심대, Hallym sungshim College, 翰林聖心大, 翰林聖心大學"
한반도국제대학원대학교,Korea University Of International Studies,"韓半島國際大學院大, Korea University Of International Studies, 韓半島國際大學院大學校, 韓半島國際大學院大學, 한반도국제대학원대학, 한반도국제대학원대"
한밭대학교,Hanbat National University,"한밭대학, 한밭대, 국립한밭대학교"
한북대학교,Hanbuk University,"韓北大學, 韓北大, 韓北大學校, 한북대, 한북대학"
한서대학교,Hanseo University,"韓瑞大, 韓瑞大學校, 韓瑞大學, 한서대, 한서대학"
한성대학교,Hansung University,"hansunguniversity, HANSUNG UNIVERSITY, 한성대학, 한성대, 漢城大學校, 漢城大學, 漢城大"
한세대학교,Hansei University,"韓世大學校, 韓世大學, 한세대, 韓世大, HANSEI UNIVERSITY, 한세대학"
한신대학교,Hanshin University,"HANSHIN UNIVERSITY, 한신대, 한신대학"
한양대학교,Hanyang University,"Hanyang University, 한양대학, 漢陽大學, 漢陽大學校, 漢陽大, 한양대, 한양대학교(ERICA)"
한양사이버대학교,Hanyang Cyber University,"HANYANG CYBER UNIVERSITY, 한양사이버대학, 한양사이버대"
한양여자대학교,Hanyang Women's University,"漢陽女子大, Hanyang Women's College, 한양여자대, 한양여자대학, 漢陽女子大學, 漢陽女子大學校"
한영대학,Hanyeong College University,"漢永大學, 한영대,  HANYEONG COLLEGE, 漢永大"
한일장신대학교,HANIL UNIVERSITY & PRESBYTERIAN THEOLOGICAL SEMINARY,"韓一長神大學, 한일장신대, HanilUniv.&Presb.theol.sem, 韓一長神大學校, 韓一長神大, 한일장신대학, haniluniversity&presb.theol.sem"
한중대학교,HANZHONG UNIVERSITY,"韓中大學, 韓中大學校, 韓中大, 한중대학, 한중대"
합동신학대학원대학교,Hapdon Theological Seminary,"合同神學大學院大學, 합동신학대학원대학, HAPDONG THEOLOGICAL SEMINARY, 合同神學大學院大學校, 합동신학대학원대, 合同神學大學院大"
해군사관학교,Republic of Korea Naval Academy," Naval Academy, 海軍士官學校"
협성대학교,Hyupsung University,"協成大學, 協成大學校, 협성대학, HYUPSUNGUNIVERSITY, 協成大, HYUPSUNG UNIVERSITY, 협성대"
혜전대학교,HYEJEON COLLEGE,"혜전대학, 혜전대, 彗田大學校, 彗田大, 彗田大學"
호남대학교,Honam University,"湖南大學校, 湖南大, 湖南大學, 호남대, 호남대학, 후난대학교, Honam University, Hunan University"
호남신학대학교,Honam Theological University and Seminary,"湖南神學大學校, 호남신학대학, 湖南神學大, 호남신학대, 湖南神學大學, Honam Theological University, Honam Theological University & Seminary"
호산대학교,Hosan University,"瑚山大學校, 瑚山大學, 瑚山大, 호산대, 호산대학"
호서대학교,Hoseo University,"HOSEO University, 湖西大, 湖西大學, 湖西大學校, 호서대학, 호서대"
호원대학교,Howon University,"湖原大, howon university, 湖原大學, 호원대, 호원대학, 湖原大學校"
홍익대학교,Hongik University,"Hongik University, 弘益大學校, 弘益大學, 홍익대학, 홍익대, 弘益大, 홍익대학교 과학기술연구소, 홍익대학교 디자인공학연구소, 홍익대학교 메타물질전자소자연구센터, 홍익대학교 세종캠퍼스, 홍익대학교(세종)"
화신사이버대학교,Hwashin Cyber University,"和信사이버大學校, 화신사이버대, 和信사이버大, 和信사이버大學, 화신사이버대학"
횃불트리니티신학대학원대학교,Torch Trinity Graduate University,"횃불트리니티神學大學院大學敎, 횃불트리니티신학대학원대학, 횃불트리니티신학대학원대, 횃불트리니티神學大學院大敎"
ICT폴리텍대학,ICT Polytech Institute of Korea,"ICT폴리텍學校, ICT폴리텍대"
건국대학교 GLOCAL(글로컬)캠퍼스,,"건국대학교(글로컬), 건국대학교충주산학협력단, 건국대학교충주병원, 건국대학교글로컬산합협력단, 건국대학교글로컬산학협력단(충주), 건국대학교글로컬산학협력단(법인), 건국대학교글로컬산학협력단, 건국대학교글로컬 산학협력단, 건국대학교(충주), 건국대학교(글로컬캠퍼스), 건국대학교(글로컬) 산학협력단, 건국대학교  글로컬산학협력단, 건국대학교 GLOCAL(글로컬)산학협력단, 건국대학교 GLOCAL(글로컬)캠퍼스 스토리앤이미지텔링연구소, 건국대학교 글로컬 산학협력단, 건국대학교 글로컬산학협력단, 건국대학교(GLOCAL)  "
한양대학교(ERICA캠퍼스),,"한양대학교에리카산학협력단, 한양대학교에리카, 한양대학교산학협력단(안산), 한양대학교(ERICA캠펴스), 한양대학교(ERICA캠퍼스) 창의성과인터랙션연구소, 한양대학교(ERICA캠퍼스) 글로벌다문화연구원, 한양대학교(ERICA), 한양대학교(ERICA캠퍼스) 공학기술연구소,  한양대학교 ERICA 산학협력단, 한양대학교 ERICA 산학협력단(소프트웨어융합대학 ICT융합학부), 한양대학교 에리카 산학협력단, 한양대학교 에리카산학협력단, 한양대학교 에리카캠퍼스"
KC대학교,,케이씨대학교
국방대학교,,"국방대, National Defense University, 國防大學校, 국방대학, Korea National Defense University, 國防大學, 國防大"
백석예술대학교,,
정화예술대학교,,"JEONGHWA ARTS COLLEGE, 貞華藝術大學, 정화예술대, Jeonghwa Arts University, 貞華藝術大, 貞華藝術大學校, 정화예술대학"
한국에너지공과대학교,,
가천의과대학교,,"嘉泉醫科大學, 가천의과대학, 嘉泉醫科大, Gachon Medical School, 가천의과대, 가천대학교(메디컬캠퍼스), 가천의과학대학교"
겐트대학교,,
건동대학교,,
경산1대학교,,"경산1대학, 慶山1大, GYEONGSAN UNIVERSITY, 경산1대, Gyeongsan University College"
경원대학교,,"暻園專門大, Kyungwon University, 暻園大學校, 暻園大學, 경원대, 경원대학, Kyungwon College, 暻園大"
국립정치대학교,,"정치대학교, 국립정치대, 국립정치대학"
그리스도대학교,,"Korea Christian University, 그리스도대, 그리스도大學, 그리스도大, 그리스도大學校, 그리스도대학"
김천과학대학교,,"金泉科學大學校, Kimcheon Science College, KIMCHOUNSCIENCECOLLEGE, 金泉科學大, 金泉科學大學, 김천과학대학, 김천과학대"
꽃동네현도사회복지대학교,,"꽃동네현도사회복지대, 꽃동네현도사회복지대학, Kkottongnae Hyundo University of Social Welfare"
능인불교대학원대학교,,"NUNGIN UNIVERSITY OF BUDDHIST, 능인불교대학원대학, 能仁佛敎大學院大敎, 能仁佛敎大學院大學敎, 능인불교대학원대"
대불대학교,,"大佛大, 大佛大學校, Daebul University, 대불대학, Daibul University, 大佛大學, 대불대"
동방대학원대학교,,"동방대학원, 동방대학원 대학교"
동아인재대학교,,"동아인재대학, 동아인재대, Dong-A College, Donga injae college, DongA Injae University"
서울벤처정보대학원대학교,,"서울벤처정보대학원대, 서울벤처정보대학원대학"
서울제일대학원대학교,,"서울제일대학원대학, 서울第一大學院大, 서울제일대학원대, 서울第一大學院大學校, 서울第一大學院大學"
양산대학교,,"Yangsan College, 양산대, yangsan university, 양산대학"
진주산업대학교,,"晉州産業大, Jinju National University, 晉州産業大學, 국립 진주농림전문학교, 국립 진주산업대, 學校運營計劃, 국립 진주산업대학교, 晉州産業大學校, 국립 진주농림전문대학, 국립 진주농림전문대, 국립 진주산업대학"
한독미디어대학원대학교,,"한독미디어대학원대학, Korean German Institute of Technology, 한독미디어대학원대"
한영신학대학교,,"HanYoungTheologicalUniversity, 韓榮神學大, Hanyoung Theological University, 韓榮神學大學校, 韓榮神學大學, 한영신학대학, 한영신학대, 서울한영신학대학교"
혜천대학교,,"혜천대, 혜천대학, Hyechon College, 惠泉大學校, 惠泉大, 惠泉大學"
성균관대학교(자연과학캠퍼스),,
